Algoritmo,Tiempo en segundos
NaivOnArray,0.0002965000021504238,8
NaivLoopUnrollingTwo,0.00019379999866941944,8
NaivLoopUnrollingFour,0.0002043999993475154,8
WinogradOriginal,0.00031149999995250255,8
WinogradScaled,0.0006823999938205816,8
StrassenNaiv,0.0009049000000231899,8
III.3 Sequential Block,0.0002953000002889894,8
IV.3 Sequential Block,0.0003003000019816682,8
V.3 Sequential Block,0.00030110000079730526,8
V.4 Parallel Block,1.610000617802143e-05,8
