Algoritmo,Tiempo en segundos
NaivOnArray,0.0022902999990037642,16
NaivLoopUnrollingTwo,0.0014819999996689148,16
NaivLoopUnrollingFour,0.0014291999978013337,16
WinogradOriginal,0.0022987000047578476,16
WinogradScaled,0.00503970000136178,16
StrassenNaiv,0.006231200000911485,16
III.3 Sequential Block,0.0022958999979891814,16
IV.3 Sequential Block,0.002270700002554804,16
V.3 Sequential Block,0.002885699999751523,16
V.4 Parallel Block,2.729999687289819e-05,16
