Algoritmo,Tiempo en segundos
NaivOnArray,0.019509500001731794,32
NaivLoopUnrollingTwo,0.011778699998103548,32
NaivLoopUnrollingFour,0.01147579999815207,32
WinogradOriginal,0.019512399994709995,32
WinogradScaled,0.04156420000072103,32
StrassenNaiv,0.04531649999989895,32
III.3 Sequential Block,0.018264800004544668,32
IV.3 Sequential Block,0.018354500003624707,32
V.3 Sequential Block,0.020865900005446747,32
V.4 Parallel Block,5.390000296756625e-05,32
