Algoritmo,Tiempo en segundos
NaivOnArray,1.3501643000054173,128
NaivLoopUnrollingTwo,0.9420486000017263,128
NaivLoopUnrollingFour,0.8513628000000608,128
WinogradOriginal,1.2935015999973984,128
WinogradScaled,2.569994500001485,128
StrassenNaiv,2.354905399995914,128
III.3 Sequential Block,1.3769506999960868,128
IV.3 Sequential Block,1.3077164999995148,128
V.3 Sequential Block,1.2962962000019616,128
V.4 Parallel Block,1.4072512999991886,128
