Algoritmo,Tiempo en segundos
NaivOnArray,0.000302100001135841,8
NaivLoopUnrollingTwo,0.0002007000002777204,8
NaivLoopUnrollingFour,0.00019220000103814527,8
WinogradOriginal,0.00033030000486178324,8
WinogradScaled,0.0006919000006746501,8
StrassenNaiv,0.0009789999967324547,8
III.3 Sequential Block,0.00030220000189729035,8
IV.3 Sequential Block,0.00029910000012023374,8
V.3 Sequential Block,0.0002992000008816831,8
V.4 Parallel Block,2.010000025620684e-05,8
