Algoritmo,Tiempo en segundos
NaivOnArray,3.0399998649954796e-05,2
NaivLoopUnrollingTwo,1.1099997209385037e-05,2
NaivLoopUnrollingFour,6.200003554113209e-06,2
WinogradOriginal,1.4899997040629387e-05,2
WinogradScaled,3.429999924264848e-05,2
StrassenNaiv,0.00031709999893791974,2
III.3 Sequential Block,1.309999788645655e-05,2
IV.3 Sequential Block,8.39999847812578e-06,2
V.3 Sequential Block,8.200004231184721e-06,2
V.4 Parallel Block,0.004672700000810437,2
