Algoritmo,Tiempo en segundos
NaivOnArray,10.787010400003055,256
NaivLoopUnrollingTwo,6.852236799997627,256
NaivLoopUnrollingFour,6.707465499996033,256
WinogradOriginal,9.907352800000808,256
WinogradScaled,20.910079499997664,256
StrassenNaiv,17.538842599999043,256
III.3 Sequential Block,10.788108900000225,256
IV.3 Sequential Block,10.823153600002115,256
V.3 Sequential Block,10.693216400002711,256
V.4 Parallel Block,11.134399599999597,256
