Algoritmo,Tiempo en segundos
NaivOnArray,0.019461299998511095,32
NaivLoopUnrollingTwo,0.013863000000128523,32
NaivLoopUnrollingFour,0.011457700005848892,32
WinogradOriginal,0.0177276999966125,32
WinogradScaled,0.03786230000696378,32
StrassenNaiv,0.044974500000535045,32
III.3 Sequential Block,0.018846999999368563,32
IV.3 Sequential Block,0.0194913999948767,32
V.3 Sequential Block,0.01887649999844143,32
V.4 Parallel Block,3.819999983534217e-05,32
