Algoritmo,Tiempo en segundos
NaivOnArray,0.1514967999974033,64
NaivLoopUnrollingTwo,0.11760799999319715,64
NaivLoopUnrollingFour,0.09421060000022408,64
WinogradOriginal,0.13984879999770783,64
WinogradScaled,0.3024749000032898,64
StrassenNaiv,0.3270803999985219,64
III.3 Sequential Block,0.1579040999931749,64
IV.3 Sequential Block,0.15756770000007236,64
V.3 Sequential Block,0.14756879999913508,64
V.4 Parallel Block,0.17859369999496266,64
