Algoritmo,Tiempo en segundos
NaivOnArray,10.203439100005198,256
NaivLoopUnrollingTwo,6.418852999995579,256
NaivLoopUnrollingFour,6.316367999999784,256
WinogradOriginal,9.211317200002668,256
WinogradScaled,19.902128900001117,256
StrassenNaiv,16.87389930000063,256
III.3 Sequential Block,10.1969861999969,256
IV.3 Sequential Block,10.366400099999737,256
V.3 Sequential Block,10.357725000001665,256
V.4 Parallel Block,11.123138399998425,256
