Algoritmo,Tiempo en segundos
NaivOnArray,0.15431119999993825,64
NaivLoopUnrollingTwo,0.09468909999850439,64
NaivLoopUnrollingFour,0.10152309999830322,64
WinogradOriginal,0.14246109999658074,64
WinogradScaled,0.29864290000114124,64
StrassenNaiv,0.3351083000015933,64
III.3 Sequential Block,0.1509423000024981,64
IV.3 Sequential Block,0.159299099999771,64
V.3 Sequential Block,0.14685309999913443,64
V.4 Parallel Block,0.16042160000506556,64
