Algoritmo,Tiempo en segundos
NaivOnArray,0.002260900000692345,16
NaivLoopUnrollingTwo,0.0017401000004610978,16
NaivLoopUnrollingFour,0.0014491999972960912,16
WinogradOriginal,0.0022613000037381425,16
WinogradScaled,0.005692199993063696,16
StrassenNaiv,0.006496800000604708,16
III.3 Sequential Block,0.0022757999977329746,16
IV.3 Sequential Block,0.0022639000017079525,16
V.3 Sequential Block,0.0022666000004392117,16
V.4 Parallel Block,3.640000068116933e-05,16
