Algoritmo,Tiempo en segundos
NaivOnArray,1.2745391999997082,128
NaivLoopUnrollingTwo,0.7666403000039281,128
NaivLoopUnrollingFour,0.7421327999982168,128
WinogradOriginal,1.1372499999997672,128
WinogradScaled,2.7099142000006395,128
StrassenNaiv,2.681407999996736,128
III.3 Sequential Block,1.3208464999988792,128
IV.3 Sequential Block,1.3335267000002204,128
V.3 Sequential Block,1.4396441999997478,128
V.4 Parallel Block,1.3804877000002307,128
