Algoritmo,Tiempo en segundos
NaivOnArray,4.419999459059909e-05,4
NaivLoopUnrollingTwo,3.1600000511389226e-05,4
NaivLoopUnrollingFour,2.939999831141904e-05,4
WinogradOriginal,6.310000026132911e-05,4
WinogradScaled,0.00011010000162059441,4
StrassenNaiv,0.0001405000002705492,4
III.3 Sequential Block,4.269999772077426e-05,4
IV.3 Sequential Block,4.9700000090524554e-05,4
V.3 Sequential Block,3.9699996705166996e-05,4
V.4 Parallel Block,2.0000006770715117e-05,4
