Algoritmo,Python,Go
NaivOnArray,0.002260900000692345,0.0
NaivLoopUnrollingTwo,0.0017401000004610978,0.0
NaivLoopUnrollingFour,0.0014491999972960912,0.0
WinogradOriginal,0.0022613000037381425,0.0
WinogradScaled,0.005692199993063696,0.0
StrassenNaiv,0.006496800000604708,0.000743
III.3 Sequential Block,0.0022757999977329746,0.0
IV.3 Sequential Block,0.0022639000017079525,0.000137
V.3 Sequential Block,0.0022666000004392117,0.0
V.4 Parallel Block,3.640000068116933e-05,0.0
