Algoritmo,Python,Go
NaivOnArray,0.1514967999974033,0.000511
NaivLoopUnrollingTwo,0.11760799999319715,0.0
NaivLoopUnrollingFour,0.09421060000022408,0.000878
WinogradOriginal,0.13984879999770783,0.0
WinogradScaled,0.3024749000032898,0.0
StrassenNaiv,0.3270803999985219,0.046271
III.3 Sequential Block,0.1579040999931749,0.0
IV.3 Sequential Block,0.15756770000007236,0.0
V.3 Sequential Block,0.14756879999913508,0.0
V.4 Parallel Block,0.17859369999496266,0.0
