Algoritmo,Python,Go
NaivOnArray,1.4969845499999792,0.004024
NaivLoopUnrollingTwo,0.9205830875016545,0.002299
NaivLoopUnrollingFour,0.8952785125002265,0.002618
WinogradOriginal,1.320812437497807,0.0
WinogradScaled,2.967208362500969,0.002861
StrassenNaiv,2.498815500001001,0.257249
III.3 Sequential Block,1.4929172874999495,0.003947
IV.3 Sequential Block,1.5201348749978933,0.003971
V.3 Sequential Block,1.5563678750004328,0.003828
V.4 Parallel Block,1.8595061250034632,0.000137
