Algoritmo,Python,Go
NaivOnArray,1.3501643000054173,0.003018
NaivLoopUnrollingTwo,0.9420486000017263,0.002424
NaivLoopUnrollingFour,0.8513628000000608,0.002312
WinogradOriginal,1.2935015999973984,0.0
WinogradScaled,2.569994500001485,0.002457
StrassenNaiv,2.354905399995914,0.293888
III.3 Sequential Block,1.3769506999960868,0.002985
IV.3 Sequential Block,1.3077164999995148,0.003059
V.3 Sequential Block,1.2962962000019616,0.002992
V.4 Parallel Block,1.4072512999991886,0.0017
