Algoritmo,Python,Go
NaivOnArray,0.000302100001135841,0.0
NaivLoopUnrollingTwo,0.0002007000002777204,0.0
NaivLoopUnrollingFour,0.00019220000103814527,0.0
WinogradOriginal,0.00033030000486178324,0.0
WinogradScaled,0.0006919000006746501,0.0
StrassenNaiv,0.0009789999967324547,0.0
III.3 Sequential Block,0.00030220000189729035,0.0
IV.3 Sequential Block,0.00029910000012023374,0.0
V.3 Sequential Block,0.0002992000008816831,0.0
V.4 Parallel Block,2.010000025620684e-05,0.0
