Algoritmo,Python,Go
NaivOnArray,0.00032560000545345247,0.0
NaivLoopUnrollingTwo,0.00021329999435693026,0.0
NaivLoopUnrollingFour,0.0002074999938486144,0.0
WinogradOriginal,0.00035600000410340726,0.0
WinogradScaled,0.0007468999974662438,0.0
StrassenNaiv,0.0009938000002875924,0.0
III.3 Sequential Block,0.0003296999930171296,0.0
IV.3 Sequential Block,0.0003215000033378601,0.0
V.3 Sequential Block,0.0003192000003764406,0.0
V.4 Parallel Block,1.9800005247816443e-05,0.0
