Algoritmo,Python,Go
NaivOnArray,0.019509500001731794,0.000122
NaivLoopUnrollingTwo,0.011778699998103548,0.0
NaivLoopUnrollingFour,0.01147579999815207,0.0
WinogradOriginal,0.019512399994709995,0.0
WinogradScaled,0.04156420000072103,0.000146
StrassenNaiv,0.04531649999989895,0.008765
III.3 Sequential Block,0.018264800004544668,0.0
IV.3 Sequential Block,0.018354500003624707,0.0
V.3 Sequential Block,0.020865900005446747,0.0
V.4 Parallel Block,5.390000296756625e-05,0.000511
