Algoritmo,Python,Go
NaivOnArray,3.460000152699649e-05,0.0
NaivLoopUnrollingTwo,1.630000042496249e-05,0.000163
NaivLoopUnrollingFour,1.4000004739500582e-05,0.0
WinogradOriginal,1.4500001270789653e-05,0.0
WinogradScaled,3.399999695830047e-05,0.0
StrassenNaiv,0.00036299999919719994,0.0
III.3 Sequential Block,1.2899996363557875e-05,0.0
IV.3 Sequential Block,7.999995432328433e-06,0.0
V.3 Sequential Block,7.899994670879096e-06,0.0
V.4 Parallel Block,0.004680999998527113,0.0
