Algoritmo,Python,Go
NaivOnArray,0.15431119999993825,0.000571
NaivLoopUnrollingTwo,0.09468909999850439,0.000597
NaivLoopUnrollingFour,0.10152309999830322,6.3e-05
WinogradOriginal,0.14246109999658074,0.0
WinogradScaled,0.29864290000114124,0.0
StrassenNaiv,0.3351083000015933,0.044907
III.3 Sequential Block,0.1509423000024981,0.000518
IV.3 Sequential Block,0.159299099999771,0.0
V.3 Sequential Block,0.14685309999913443,0.000583
V.4 Parallel Block,0.16042160000506556,0.000557
