Algoritmo,Python,Go
NaivOnArray,10.787010400003055,0.029235
NaivLoopUnrollingTwo,6.852236799997627,0.020401
NaivLoopUnrollingFour,6.707465499996033,0.020407
WinogradOriginal,9.907352800000808,0.0
WinogradScaled,20.910079499997664,0.021125
StrassenNaiv,17.538842599999043,2.328324
III.3 Sequential Block,10.788108900000225,0.021782
IV.3 Sequential Block,10.823153600002115,0.031781
V.3 Sequential Block,10.693216400002711,0.02616
V.4 Parallel Block,11.134399599999597,0.005101
