Algoritmo,Python,Go
NaivOnArray,1.2079939999966882,0.003834
NaivLoopUnrollingTwo,0.769051600000239,0.002338
NaivLoopUnrollingFour,0.7189489000011235,0.002157
WinogradOriginal,1.0761935999908019,0.0
WinogradScaled,2.510233799999696,0.002285
StrassenNaiv,2.4719049999985145,0.262257
III.3 Sequential Block,1.2878733000106877,0.010086
IV.3 Sequential Block,1.3312748999887845,0.0
V.3 Sequential Block,1.3694842999975663,0.006003
V.4 Parallel Block,1.6549458999943454,0.0
