Algoritmo,Python,Go
NaivOnArray,10.598808399998234,0.027825
NaivLoopUnrollingTwo,6.489346600006684,0.016057
NaivLoopUnrollingFour,6.337106599996332,0.018254
WinogradOriginal,9.329167399992002,0.0
WinogradScaled,20.87087440000323,0.020602
StrassenNaiv,17.130355600005714,1.752489
III.3 Sequential Block,10.483915000004345,0.020947
IV.3 Sequential Block,10.654727800007095,0.031219
V.3 Sequential Block,10.904614200000651,0.024072
V.4 Parallel Block,13.058852000001934,0.0
