Algoritmo,Python,Go
NaivOnArray,3.0399998649954796e-05,0.0
NaivLoopUnrollingTwo,1.1099997209385037e-05,0.0
NaivLoopUnrollingFour,6.200003554113209e-06,0.0
WinogradOriginal,1.4899997040629387e-05,0.0
WinogradScaled,3.429999924264848e-05,0.0
StrassenNaiv,0.00031709999893791974,0.0
III.3 Sequential Block,1.309999788645655e-05,0.0
IV.3 Sequential Block,8.39999847812578e-06,0.0
V.3 Sequential Block,8.200004231184721e-06,0.0
V.4 Parallel Block,0.004672700000810437,0.0
