Algoritmo,Python,Go
NaivOnArray,0.019461299998511095,0.0
NaivLoopUnrollingTwo,0.013863000000128523,0.00015
NaivLoopUnrollingFour,0.011457700005848892,0.0
WinogradOriginal,0.0177276999966125,0.0
WinogradScaled,0.03786230000696378,0.0
StrassenNaiv,0.044974500000535045,0.006792
III.3 Sequential Block,0.018846999999368563,0.0
IV.3 Sequential Block,0.0194913999948767,0.0
V.3 Sequential Block,0.01887649999844143,0.0
V.4 Parallel Block,3.819999983534217e-05,0.0
