Algoritmo,Python,Go
NaivOnArray,0.0022902999990037642,0.0
NaivLoopUnrollingTwo,0.0014819999996689148,0.0
NaivLoopUnrollingFour,0.0014291999978013337,0.0
WinogradOriginal,0.0022987000047578476,0.0
WinogradScaled,0.00503970000136178,0.0
StrassenNaiv,0.006231200000911485,0.001105
III.3 Sequential Block,0.0022958999979891814,0.0
IV.3 Sequential Block,0.002270700002554804,0.0
V.3 Sequential Block,0.002885699999751523,0.0
V.4 Parallel Block,2.729999687289819e-05,0.0
